COUNTRY_REGION,YEAR,DH_1,DH_2,DH_3,DH_4,DH_5,DH_6,DH_7,DH_8,DH_9,DH_10,DH_11,DH_12,DH_13,DH_14,DH_15,DH_16,DH_17,DH_18,DH_19,DH_20,DH_21,DH_22,DH_23,DH_24,DH_25,DH_26,DH_27,DH_28,DH_29,DH_43,DH_44,DH_45,DH_46,DH_47,DH_48,DH_49,DH_50,DH_51,DH_52,DH_53,DH_54,DH_67,DH_68,DH_69,DH_70
ALB,2022,-1,-2,-3,3,0,3,3,3,3,3,3,3,3,3,3,NA,3,3,3,0,3,3,NA,3,3,3,3,3,3,3,0,3,3,3,3,3,0,3,3,3,0,3,3,NA,3
AND,2022,-1,3,3,3,0,0,0,3,NA,NA,3,3,3,3,3,3,3,3,3,0,0,0,0,3,3,3,3,3,3,3,3,3,3,3,3,3,NA,3,3,0,NA,NA,NA,NA,3
ARM,2022,0,3,-3,NA,NA,NA,NA,0,3,0,3,3,3,3,0,0,3,3,0,0,NA,3,3,3,3,3,3,3,3,3,0,0,0,0,NA,3,0,3,0,3,0,0,0,3,3
AUT,2022,-1,3,-3,3,0,0,3,0,NA,3,3,3,NA,3,3,0,3,3,3,3,0,3,0,3,0,NA,3,3,3,3,3,3,3,3,3,3,3,3,3,3,3,0,3,3,0
AZE,2022,3,-2,-3,3,NA,NA,3,3,3,3,3,3,3,3,3,NA,NA,3,3,0,NA,0,0,0,3,0,3,2,2,3,NA,0,0,3,0,3,0,0,3,3,3,3,0,NA,3
BLR,2022,3,3,-3,3,0,3,0,-4,0,0,3,3,3,3,3,3,0,0,3,NA,3,3,0,0,3,0,3,3,3,3,3,3,3,0,0,0,0,0,0,3,0,3,0,0,3
BEL,2022,3,-2,-3,3,3,NA,3,3,NA,3,3,3,3,0,0,0,3,3,3,3,0,3,3,3,0,NA,3,3,3,3,3,NA,NA,3,3,3,3,3,3,0,NA,3,3,0,0
BIH,2022,NA,NA,NA,NA,NA,NA,NA,NA,NA,NA,NA,NA,NA,NA,NA,NA,NA,NA,NA,NA,NA,NA,NA,NA,NA,NA,NA,NA,NA,NA,NA,NA,NA,NA,NA,NA,NA,NA,NA,NA,NA,NA,NA,NA,NA
BGR,2022,0,3,0,3,0,0,0,NA,NA,NA,3,3,3,3,3,0,3,3,3,0,3,NA,NA,3,3,3,NA,NA,NA,NA,NA,NA,NA,NA,NA,NA,NA,NA,NA,NA,NA,0,0,NA,NA
HRV,2022,-1,-2,-3,3,0,3,3,0,3,NA,3,3,0,3,3,3,3,3,3,0,0,NA,0,3,0,0,3,2,2,3,NA,NA,NA,NA,3,3,NA,0,3,3,NA,0,0,0,3
CYP,2022,3,0,-3,3,0,0,0,-4,3,3,3,3,3,3,3,3,3,0,3,0,0,0,0,0,3,0,3,3,2,0,0,0,0,0,3,0,0,0,3,3,0,3,3,3,3
CZE,2022,3,3,-3,3,3,3,0,0,0,0,3,0,0,0,0,0,0,3,0,0,NA,0,NA,0,0,0,3,3,3,3,0,0,3,0,NA,NA,NA,NA,NA,NA,NA,0,0,0,3
DNK,2022,3,3,-3,3,0,3,0,3,3,3,3,3,3,3,3,0,3,3,3,3,NA,3,NA,0,3,3,3,3,3,3,3,3,3,3,3,3,3,NA,3,NA,NA,3,3,3,3
EST,2022,3,-2,NA,3,0,3,3,0,3,3,3,3,3,3,3,0,3,3,3,0,3,3,NA,3,3,3,3,3,3,3,NA,NA,3,3,NA,NA,NA,NA,NA,NA,NA,3,NA,3,3
FIN,2022,3,-2,-3,3,3,NA,3,0,3,3,3,3,3,3,3,0,3,3,3,3,3,0,0,3,3,3,3,3,3,3,3,3,3,3,3,3,3,3,3,3,3,3,3,3,3
FRA,2022,3,3,3,3,NA,NA,3,3,3,3,3,3,3,3,NA,3,3,3,3,0,3,3,NA,3,3,NA,3,3,3,NA,NA,NA,NA,3,3,3,3,3,3,3,3,3,3,NA,3
GEO,2022,-1,-2,-3,3,3,3,0,-4,3,0,3,3,0,3,3,3,3,3,3,0,0,0,0,3,3,3,3,3,3,3,3,0,0,3,3,3,0,0,3,0,3,0,0,0,3
DEU,2022,-1,0,-3,3,0,0,NA,0,NA,NA,3,3,3,3,3,3,3,3,3,0,3,3,3,3,0,NA,3,3,3,3,3,3,3,3,3,3,3,3,3,0,0,3,0,0,3
GRC,2022,-1,-2,-3,3,NA,NA,3,0,NA,3,3,3,3,3,NA,0,0,0,3,0,3,NA,NA,3,3,0,2,3,0,3,3,NA,3,NA,3,NA,NA,NA,3,NA,NA,3,3,NA,NA
HUN,2022,3,-2,-3,3,3,NA,NA,3,3,3,3,3,3,3,3,0,3,3,3,0,0,0,0,3,0,NA,3,3,3,3,3,3,3,3,0,0,0,0,3,0,0,3,3,3,3
ISL,2022,3,-2,3,3,0,0,3,0,0,0,3,3,3,3,3,0,0,3,3,0,3,0,0,3,3,3,3,3,3,3,3,0,3,0,3,3,0,0,3,0,3,3,3,3,3
IRL,2022,3,0,-3,3,NA,NA,NA,0,3,3,3,3,0,0,0,0,0,3,3,NA,0,3,0,0,0,NA,NA,NA,NA,3,0,0,3,3,3,3,3,3,0,3,3,0,0,0,0
ISR,2022,3,-2,3,3,3,3,3,0,3,0,3,3,3,3,3,3,NA,3,0,0,NA,3,NA,0,3,3,3,3,3,3,3,3,3,3,3,3,3,NA,3,3,NA,3,3,3,3
ITA,2022,3,3,3,3,0,0,0,-4,3,0,3,3,3,3,3,3,3,3,3,3,3,0,0,3,3,3,3,2,3,3,0,0,0,3,3,3,3,0,3,0,3,3,0,0,3
KAZ,2022,3,-2,-3,3,3,0,3,-4,3,0,3,3,3,3,3,0,3,3,3,NA,3,0,0,3,3,3,3,3,3,3,0,0,0,0,3,3,3,3,3,3,0,0,0,0,3
KGZ,2022,3,-2,-3,3,0,3,0,0,0,0,3,3,0,0,0,0,0,3,3,NA,0,0,0,0,3,0,0,2,2,0,0,0,0,0,0,0,0,0,3,0,0,0,0,0,0
LVA,2022,-1,3,-3,3,3,NA,0,-4,NA,3,3,3,3,3,3,0,3,3,3,0,0,0,0,3,0,NA,3,2,2,3,0,0,0,3,3,3,3,0,3,3,0,3,0,0,0
LTU,2022,3,3,3,3,0,0,0,0,0,0,3,3,3,3,3,0,3,3,0,0,NA,0,0,3,3,3,3,3,3,0,0,0,0,3,3,3,3,0,3,3,3,0,0,3,3
LUX,2022,0,0,0,3,0,0,3,0,0,3,3,3,3,3,3,3,3,3,0,0,0,0,0,3,3,0,1,1,0,3,0,3,0,3,3,0,0,0,0,0,0,3,0,0,3
MLT,2022,-1,-2,-3,3,0,0,0,0,NA,3,3,3,0,3,3,0,3,3,0,0,NA,NA,0,0,0,NA,3,3,3,3,3,0,0,3,3,3,NA,0,3,3,3,3,0,0,3
MCO,2022,0,0,NA,3,0,0,0,0,NA,0,3,3,NA,3,3,3,NA,3,0,0,0,NA,NA,NA,NA,NA,NA,NA,NA,0,0,0,0,3,NA,NA,NA,NA,NA,NA,NA,3,NA,NA,NA
MNE,2022,3,-2,-3,3,0,3,0,0,NA,0,3,3,0,3,3,0,0,3,3,NA,3,0,0,0,0,NA,3,3,3,3,0,0,0,3,0,0,0,0,0,3,0,0,0,0,3
NLD,2022,3,0,0,3,3,NA,3,3,3,3,3,3,3,3,3,3,3,3,3,0,0,0,0,0,3,NA,3,3,3,3,3,3,3,3,3,3,3,3,3,3,3,0,0,0,0
MKD,2022,0,3,0,3,0,3,0,0,3,0,3,3,3,0,0,0,0,0,0,0,0,0,0,3,0,NA,3,3,3,0,0,0,3,3,3,3,0,0,0,3,0,0,0,0,3
NOR,2022,3,3,-3,3,0,3,3,3,3,3,3,3,3,3,3,3,3,3,3,0,0,3,NA,0,3,3,3,3,3,3,3,3,3,3,3,3,NA,0,3,3,NA,3,3,NA,3
POL,2022,-1,0,0,3,3,0,0,-4,0,3,3,3,0,3,3,0,0,3,3,0,0,3,0,3,3,3,3,3,3,3,3,0,3,3,0,3,3,3,0,0,0,0,0,0,0
PRT,2022,3,3,3,3,0,0,0,3,3,3,3,3,3,3,3,0,3,3,3,0,0,0,0,3,3,NA,3,3,NA,3,3,3,3,3,3,3,3,0,3,3,3,3,0,0,3
MDA,2022,0,0,0,3,0,3,0,0,0,0,3,0,0,0,0,0,0,0,0,0,NA,0,0,0,0,0,2,0,0,0,0,0,0,0,3,3,3,3,0,3,0,0,0,0,0
UZB,2022,-1,-2,-3,3,0,3,3,3,3,3,NA,0,0,3,3,3,3,3,3,3,0,0,0,0,0,3,2,2,2,0,0,0,0,0,0,0,0,0,0,0,0,0,0,0,0
ROU,2022,-1,-2,-3,3,3,3,NA,0,3,3,3,3,3,3,3,3,3,3,0,0,NA,0,NA,3,0,NA,3,3,0,3,3,3,3,3,3,3,3,0,0,0,0,3,0,0,3
RUS,2022,3,3,3,3,3,0,0,3,NA,3,3,3,3,3,3,0,0,0,3,NA,3,3,NA,3,3,3,3,3,3,3,0,3,0,3,3,3,3,3,3,3,3,3,3,0,0
SMR,2022,-1,3,0,3,0,0,0,0,0,0,3,0,0,0,0,0,0,3,0,0,NA,0,0,3,3,NA,3,3,3,0,0,0,0,3,0,0,3,3,3,0,0,0,0,0,0
SRB,2022,3,-2,-3,3,0,3,0,-4,0,0,NA,0,3,3,3,0,0,3,3,0,0,0,0,3,3,3,3,2,2,3,0,0,0,0,3,3,3,3,3,3,3,NA,NA,NA,NA
SVK,2022,0,3,0,3,0,0,0,0,0,0,3,3,0,3,3,3,3,3,3,0,0,0,0,3,3,NA,3,3,3,3,3,3,0,0,NA,NA,NA,NA,NA,NA,NA,0,0,3,0
SVN,2022,0,0,0,3,NA,NA,NA,0,0,0,3,3,0,3,3,0,0,3,0,0,NA,NA,0,3,0,0,2,2,2,3,0,NA,0,3,3,NA,NA,0,3,0,0,0,0,0,0
ESP,2022,3,-2,-3,3,3,0,3,3,3,3,3,3,3,3,3,3,3,3,3,3,3,0,3,3,3,3,3,3,3,3,3,3,NA,3,3,3,3,3,3,3,3,3,0,0,3
SWE,2022,3,0,-3,3,3,3,3,0,3,3,3,3,3,3,3,0,3,3,3,NA,3,3,0,0,3,3,3,3,3,3,3,3,3,3,3,3,3,3,3,0,0,3,0,0,3
CHE,2022,3,3,-3,3,3,0,0,3,3,3,3,3,3,3,3,3,3,3,3,0,NA,0,NA,3,0,3,2,3,2,3,3,3,3,3,NA,NA,NA,NA,NA,NA,NA,3,0,0,3
TJK,2022,-1,-2,-3,3,3,3,3,3,3,3,3,3,3,NA,NA,NA,NA,NA,3,3,3,NA,3,3,3,3,2,2,2,3,NA,NA,NA,3,3,3,3,3,0,3,3,3,3,NA,3
TKM,2022,-1,3,-3,3,NA,NA,NA,3,3,NA,3,3,3,3,NA,NA,NA,3,3,NA,3,NA,NA,3,3,3,3,3,2,3,NA,NA,NA,NA,NA,NA,NA,NA,NA,NA,NA,NA,NA,NA,NA
TUR,2022,-1,3,3,3,3,0,3,-4,3,3,3,3,3,3,3,3,3,3,3,0,3,NA,0,3,3,3,3,3,3,3,0,0,3,3,3,3,3,3,3,3,3,3,3,3,3
UKR,2022,3,3,3,3,3,3,0,-4,3,0,3,3,3,3,3,0,0,3,3,0,3,3,0,3,3,3,3,3,3,3,3,0,0,3,3,3,0,3,3,3,3,3,3,0,0
GBR,2022,3,-2,0,3,0,0,0,3,3,3,3,3,3,3,3,3,0,3,NA,NA,NA,NA,3,0,3,0,3,3,3,3,3,NA,NA,3,3,3,3,3,3,0,NA,3,3,3,3
