"","DH_1","DH_2","DH_3","DH_5","DH_6","DH_7","DH_8","DH_9","DH_10","DH_12","DH_13","DH_14","DH_15","DH_16","DH_17","DH_18","DH_19","DH_20","DH_21","DH_22","DH_23","DH_24","DH_25","DH_26","DH_27","DH_28","DH_29","DH_43","DH_44","DH_45","DH_46","DH_47","DH_48","DH_49","DH_50","DH_51","DH_52","DH_53","DH_54","DH_67","DH_68","DH_69","DH_70"
"DH_1",1,-0.0201,0.0771,0.0958,0.0229,0.0227,0.1119,-0.0296,-0.1605,0.0917,0.2635,-0.067,-0.0384,-0.0822,-0.1347,-0.0195,0.1921,0.0173,0.0759,0.1542,-0.0325,-0.3368,0.2305,-0.0525,0.1834,0.1569,0.291,0.0787,0.0323,0.1103,0.0323,-0.1559,-0.0173,-0.0633,-0.0655,-0.0043,0.2169,0.1751,0.1843,0.1891,0.1516,0.1853,0.1247
"DH_2",-0.0201,1,0.4068,-0.1343,-0.221,-0.3935,-0.0543,-0.1013,-0.0884,0,0.1478,-0.0626,-0.1184,0.0437,0,-0.1338,-0.1013,-0.1184,-0.0442,0.1847,-0.2007,0.1385,0.0923,0.1568,0.1805,0.2003,0.2415,-0.0592,-0.13,0.1326,0,0.0523,0.1776,0.1184,0.1923,0.1312,0.0523,0.2308,0,-0.0884,-0.0908,0,-0.1442
"DH_3",0.0771,0.4068,1,-0.0332,-0.2502,-0.0914,-0.0315,-0.2458,-0.2234,0.0342,0.0747,0.0232,0.0619,0.1282,-0.1976,-0.0654,-0.1724,-0.1935,0.0611,-0.0389,-0.1736,0.1992,0.2972,0.0845,0.0601,0.0305,0.2453,-0.0638,-0.0686,0.0015,-0.0686,0.1251,0.1477,0.1477,0.1102,0.028,0.0845,-0.1307,0.282,-0.0402,0.124,0.1295,-0.1685
"DH_5",0.0958,-0.1343,-0.0332,1,0.0455,0.1814,-0.0582,0.1976,0.1207,0.0952,0.131,0.0444,0.0798,0.0171,0.1244,0.1305,0.1024,0.1428,0.1285,0.0491,0.121,0.1244,-0.0491,0.2688,0.088,0.1772,0.0974,0.3024,0.1737,0.2116,0.1737,0.1705,0.0798,0.1911,0.1586,0.2295,0.0723,-0.0491,0.1587,0.1207,0.19,-0.0384,-0.1125
"DH_6",0.0229,-0.221,-0.2502,0.0455,1,0.0674,-0.0869,-0.0656,-0.2616,-0.2971,-0.2139,-0.1732,-0.1244,-0.0138,-0.194,-0.1054,-0.0656,0.0145,0.0155,0.194,-0.1429,-0.3655,-0.1083,-0.1025,-0.1262,-0.1987,-0.1435,-0.1244,-0.0379,0.0155,0.0425,-0.1995,-0.1244,-0.1244,-0.266,-0.1486,-0.2965,0.0631,-0.2038,-0.0975,-0.008,-0.1518,0.0909
"DH_7",0.0227,-0.3935,-0.0914,0.1814,0.0674,1,0.2426,0.2352,0.3385,0.1181,0.2629,0.1887,0.2195,0.1167,0.3424,0.1553,0.2352,0.3241,0.3109,0.1664,0.0904,0.0032,0.1728,0.0145,-0.1044,-0.0812,-0.0387,0.2195,0.2327,0.1486,0.3123,0.1105,0.1108,0.1108,0.025,0.1242,0.1105,0.088,0.1814,0.1761,0.3823,0.099,0.1133
"DH_8",0.1119,-0.0543,-0.0315,-0.0582,-0.0869,0.2426,1,0.3082,0.489,0.0644,0.1874,0.0119,0.0244,0.0333,0.2488,0.1506,0.1349,0.2308,-0.0771,0.0556,0.2757,-0.1083,-0.0351,0.1044,-0.1275,0.0937,0.009,0.092,0.3214,0.3657,0.3709,0.2949,-0.0019,0.0788,0.1067,0.1455,0.1044,0.0073,-0.0071,0.2172,0.2303,-0.0531,0.0518
"DH_9",-0.0296,-0.1013,-0.2458,0.1976,-0.0656,0.2352,0.3082,1,0.5357,0.4423,0.4251,0.3216,0.2756,0.1421,0.5281,0.0913,0.3537,0.2281,0.2164,0.1594,0.1933,0.0371,-0.0611,0.3901,0.2939,0.3029,0.1775,0.2756,0.2991,0.1224,0.2991,0.5013,0.2756,0.2756,0.0849,0.1369,0.1678,0.2335,0.1024,0.3477,0.2752,-0.0059,0.2894
"DH_10",-0.1605,-0.0884,-0.2234,0.1207,-0.2616,0.3385,0.489,0.5357,1,0.2971,0.3054,0.2894,0.3442,0.095,0.4512,0.1054,0.4417,0.2053,0.0666,0.1488,0.1429,0.0226,-0.0631,0.1025,0.0207,0.1057,-0.1206,0.3442,0.4401,0.3127,0.5206,0.4906,0.1244,0.1244,0.266,0.1486,0.1025,0.0226,0.0376,0.4257,0.2608,-0.0311,0.0876
"DH_12",0.0917,0,0.0342,0.0952,-0.2971,0.1181,0.0644,0.4423,0.2971,1,0.4161,0.4461,0.4048,0.1181,0.3502,0.0884,0.2881,-0.0442,0.2413,0.2122,0.1153,0.2096,0.2096,0.1532,0.2104,0.329,0.2327,0.4048,0.3984,0.2413,0.2664,0.4715,0.2245,0.2245,-0.047,-0.1181,0.1532,0.069,0.0952,0.2971,0.2218,0.184,0.2459
"DH_13",0.2635,0.1478,0.0747,0.131,-0.2139,0.2629,0.1874,0.4251,0.3054,0.4161,1,0.4252,0.3721,0.0819,0.3893,-0.0653,0.2155,0.1179,0.3347,0.1838,0.2037,0.2938,0.3893,0.2489,0.2513,0.252,0.1181,0.2496,0.2554,0.3347,0.3451,0.2489,0.3721,0.2496,0.0563,0.1895,0.2489,0.1983,0.131,0.6712,0.3918,0.2231,0.4542
"DH_14",-0.067,-0.0626,0.0232,0.0444,-0.1732,0.1887,0.0119,0.3216,0.2894,0.4461,0.4252,1,0.9252,0.3037,0.4718,0.2124,0.3216,0.0088,0.2916,0.0137,-0.0365,0.229,0.3504,0.2126,0.1611,0.0955,0.0185,0.4582,0.3676,0.2916,0.0258,0.2126,0.1469,0.1469,0.0191,-0.0738,0.2126,0.1076,0.1621,0.4056,0.1487,0.2224,0.3983
"DH_15",-0.0384,-0.1184,0.0619,0.0798,-0.1244,0.2195,0.0244,0.2756,0.3442,0.4048,0.3721,0.9252,1,0.3282,0.4116,0.182,0.4016,0.0306,0.3152,-0.0672,-0.182,0.182,0.2968,0.1741,0.1302,0.0635,-0.0153,0.4111,0.4127,0.3152,0.0895,0.3041,0.1167,0.1167,0.106,-0.1108,0.3041,0.0672,0.1911,0.4541,0.1768,0.1179,0.3451
"DH_16",-0.0822,0.0437,0.1282,0.0171,-0.0138,0.1167,0.0333,0.1421,0.095,0.1181,0.0819,0.3037,0.3282,1,0.3424,0.0325,0.0491,-0.0021,-0.095,-0.088,0.0904,-0.0816,0.088,-0.0815,0,0.0108,-0.0387,0.0021,0.1532,0.3109,0.0736,0.0145,0.1108,-0.1067,0.025,-0.1167,0.0145,-0.1664,-0.0651,0.1761,-0.0346,0.0085,0.2016
"DH_17",-0.1347,0,-0.1976,0.1244,-0.194,0.3424,0.2488,0.5281,0.4512,0.3502,0.3893,0.4718,0.4116,0.3424,1,0.4136,0.1353,0.2773,-0.0226,-0.0152,0.1052,0.1943,0.1047,0.3729,0.1837,0.0762,0.0596,0.182,0.3076,0.3202,0.1395,0.2715,0.2968,0.182,0.1653,-0.0032,0.2715,0.1047,0.0377,0.2797,0.0116,0.1838,0.3518
"DH_18",-0.0195,-0.1338,-0.0654,0.1305,-0.1054,0.1553,0.1506,0.0913,0.1054,0.0884,-0.0653,0.2124,0.182,0.0325,0.4136,1,0.0913,0.1506,-0.1054,-0.0245,0.1277,0.1542,0.0245,0.4045,0.169,-0.0083,0.2147,0.3484,0.1976,0.0187,0.0758,0.2577,0.0157,0.182,0.1911,0.0904,0.2577,-0.235,0.1305,-0.0187,-0.1372,0.0653,0.0561
"DH_19",0.1921,-0.1013,-0.1724,0.1024,-0.0656,0.2352,0.1349,0.3537,0.4417,0.2881,0.2155,0.3216,0.4016,0.0491,0.1353,0.0913,1,0.2281,0.4044,0.1594,0.051,0.0371,0.2335,0.1678,0.1517,0.0898,0.114,0.4016,0.3913,0.1224,0.2991,0.0566,-0.1022,0.0238,-0.0174,0.1369,0.279,0.0371,0.1976,0.2537,0.2752,-0.0059,-0.0174
"DH_20",0.0173,-0.1184,-0.1935,0.1428,0.0145,0.3241,0.2308,0.2281,0.2053,-0.0442,0.1179,0.0088,0.0306,-0.0021,0.2773,0.1506,0.2281,1,0.1244,0.0672,0.3484,0.0477,-0.0672,0.2158,-0.1053,-0.1587,0.048,0.0306,0.1261,0.1244,0.1261,0.0858,0.0306,0.0306,0.1331,0.1108,-0.0441,-0.0672,0.2541,0.0954,0.2748,0.1271,-0.106
"DH_21",0.0759,-0.0442,0.0611,0.1285,0.0155,0.3109,-0.0771,0.2164,0.0666,0.2413,0.3347,0.2916,0.3152,-0.095,-0.0226,-0.1054,0.4044,0.1244,1,0.194,0.1054,0.2345,0.3202,0.1885,0.1034,0.1951,0.2005,0.3152,0.1229,0.0155,0.2034,0.0915,0.0954,0.0954,0.0017,0.2573,0.0915,0.1488,0.2116,0.3127,0.2449,-0.0604,0.2694
"DH_22",0.1542,0.1847,-0.0389,0.0491,0.194,0.1664,0.0556,0.1594,0.1488,0.2122,0.1838,0.0137,-0.0672,-0.088,-0.0152,-0.0245,0.1594,0.0672,0.194,1,0.1542,-0.1047,0.0743,0.2352,0.2766,0.3352,0.4087,0.2773,0.1966,0.2797,0.2806,0.1338,0.0477,0.1625,0.0211,0.3424,-0.0688,0.0743,-0.0377,0.1488,0.3406,0.1027,-0.1653
"DH_23",-0.0325,-0.2007,-0.1736,0.121,-0.1429,0.0904,0.2757,0.1933,0.1429,0.1153,0.2037,-0.0365,-0.182,0.0904,0.1052,0.1277,0.051,0.3484,0.1054,0.1542,1,0.1052,-0.0245,0.036,-0.0094,0.0414,0.1012,0.1506,0.1677,-0.0187,0.1677,0.036,0.1506,0.1506,0.079,0.2782,-0.1108,-0.1542,-0.0047,0.1429,0.1372,0.0731,0.079
"DH_24",-0.3368,0.1385,0.1992,0.1244,-0.3655,0.0032,-0.1083,0.0371,0.0226,0.2096,0.2938,0.229,0.182,-0.0816,0.1943,0.1542,0.0371,0.0477,0.2345,-0.1047,0.1052,1,0.1047,0.3729,0.0735,0.0762,0.0341,0.182,0.0555,-0.0226,0.0555,0.2715,0.2968,0.2968,0.1653,0.1664,0.1702,-0.0743,0.1244,0.1083,0.0116,-0.0072,0.0721
"DH_25",0.2305,0.0923,0.2972,-0.0491,-0.1083,0.1728,-0.0351,-0.0611,-0.0631,0.2096,0.3893,0.3504,0.2968,0.088,0.1047,0.0245,0.2335,-0.0672,0.3202,0.0743,-0.0245,0.1047,1,0.0688,0.1642,0.1733,0.2265,0.0672,0.1395,0.0631,-0.0285,-0.0325,0.0672,0.0672,-0.0211,0.2512,0.2715,0.1047,0.2112,0.2797,0.1877,0.1838,0.2586
"DH_26",-0.0525,0.1568,0.0845,0.2688,-0.1025,0.0145,0.1044,0.3901,0.1025,0.1532,0.2489,0.2126,0.1741,-0.0815,0.3729,0.4045,0.1678,0.2158,0.1885,0.2352,0.036,0.3729,0.0688,1,0.4476,0.4462,0.5243,0.1741,0.1561,0.1885,0.1561,0.3117,0.1741,0.3041,0.221,0.2735,0.0823,0.0688,0.2688,0.1025,0.0527,0.0755,0.01
"DH_27",0.1834,0.1805,0.0601,0.088,-0.1262,-0.1044,-0.1275,0.2939,0.0207,0.2104,0.2513,0.1611,0.1302,0,0.1837,0.169,0.1517,-0.1053,0.1034,0.2766,-0.0094,0.0735,0.1642,0.4476,1,0.5952,0.6911,0.2715,0.2089,0.0889,0.2089,0.181,0.1302,0.2909,0.1282,0.1228,0.3008,0.1988,0.1948,0.1262,0.0723,0.2398,0.2272
"DH_28",0.1569,0.2003,0.0305,0.1772,-0.1987,-0.0812,0.0937,0.3029,0.1057,0.329,0.252,0.0955,0.0635,0.0108,0.0762,-0.0083,0.0898,-0.1587,0.1951,0.3352,0.0414,0.0762,0.1733,0.4462,0.5952,1,0.6949,0.188,0.3557,0.2698,0.4469,0.2048,0.1587,0.1832,0.119,0.3571,0.2264,0.1695,-0.0111,0.1057,0.2547,0.2906,0.2241
"DH_29",0.291,0.2415,0.2453,0.0974,-0.1435,-0.0387,0.009,0.1775,-0.1206,0.2327,0.1181,0.0185,-0.0153,-0.0387,0.0596,0.2147,0.114,0.048,0.2005,0.4087,0.1012,0.0341,0.2265,0.5243,0.6911,0.6949,1,0.1987,0.171,0.1761,0.2494,0.1831,0.059,0.1987,0.0887,0.2758,0.241,0.0596,0.2031,-0.0408,0.1558,0.2653,0.0887
"DH_43",0.0787,-0.0592,-0.0638,0.3024,-0.1244,0.2195,0.092,0.2756,0.3442,0.4048,0.2496,0.4582,0.4111,0.0021,0.182,0.3484,0.4016,0.0306,0.3152,0.2773,0.1506,0.182,0.0672,0.1741,0.2715,0.188,0.1987,1,0.5205,0.3152,0.4127,0.3041,0.2639,0.4111,0.2256,0.2154,0.1741,0.0672,0.1911,0.3442,0.1768,-0.0046,0.2256
"DH_44",0.0323,-0.13,-0.0686,0.1737,-0.0379,0.2327,0.3214,0.2991,0.4401,0.3984,0.2554,0.3676,0.4127,0.1532,0.3076,0.1976,0.3913,0.1261,0.1229,0.1966,0.1677,0.0555,0.1395,0.1561,0.2089,0.3557,0.171,0.5205,1,0.3643,0.6057,0.3464,0.0895,0.305,0.2146,0.1652,0.2513,-0.0285,0.0922,0.3597,0.2261,0.1032,0.2146
"DH_45",0.1103,0.1326,0.0015,0.2116,0.0155,0.1486,0.3657,0.1224,0.3127,0.2413,0.3347,0.2916,0.3152,0.3109,0.3202,0.0187,0.1224,0.1244,0.0155,0.2797,-0.0187,-0.0226,0.0631,0.1885,0.0889,0.2698,0.1761,0.3152,0.3643,1,0.3643,0.1885,0.0954,-0.0145,0.0909,0.095,0.0915,-0.0226,-0.0376,0.3127,0.1606,0.1225,0.0909
"DH_46",0.0323,0,-0.0686,0.1737,0.0425,0.3123,0.3709,0.2991,0.5206,0.2664,0.3451,0.0258,0.0895,0.0736,0.1395,0.0758,0.2991,0.1261,0.2034,0.2806,0.1677,0.0555,-0.0285,0.1561,0.2089,0.4469,0.2494,0.4127,0.6057,0.3643,1,0.3464,0.1972,0.305,0.3021,0.3243,0.061,0.0555,-0.0707,0.2793,0.3087,0.1032,0.3021
"DH_47",-0.1559,0.0523,0.1251,0.1705,-0.1995,0.1105,0.2949,0.5013,0.4906,0.4715,0.2489,0.2126,0.3041,0.0145,0.2715,0.2577,0.0566,0.0858,0.0915,0.1338,0.036,0.2715,-0.0325,0.3117,0.181,0.2048,0.1831,0.3041,0.3464,0.1885,0.3464,1,0.1741,0.3041,0.3265,0.0815,0.197,-0.0325,0.1705,0.2965,0.1523,-0.1408,0.1155
"DH_48",-0.0173,0.1776,0.1477,0.0798,-0.1244,0.1108,-0.0019,0.2756,0.1244,0.2245,0.3721,0.1469,0.1167,0.1108,0.2968,0.0157,-0.1022,0.0306,0.0954,0.0477,0.1506,0.2968,0.0672,0.1741,0.1302,0.1587,0.059,0.2639,0.0895,0.0954,0.1972,0.1741,1,0.7056,0.4646,0.3241,0.3041,0.2968,0.1911,0.2343,0.1768,0.1179,0.2256
"DH_49",-0.0633,0.1184,0.1477,0.1911,-0.1244,0.1108,0.0788,0.2756,0.1244,0.2245,0.2496,0.1469,0.1167,-0.1067,0.182,0.182,0.0238,0.0306,0.0954,0.1625,0.1506,0.2968,0.0672,0.3041,0.2909,0.1832,0.1987,0.4111,0.305,-0.0145,0.305,0.3041,0.7056,1,0.5842,0.4329,0.3041,0.2968,0.3024,0.1244,0.0639,-0.0046,0.106
"DH_50",-0.0655,0.1923,0.1102,0.1586,-0.266,0.025,0.1067,0.0849,0.266,-0.047,0.0563,0.0191,0.106,0.025,0.1653,0.1911,-0.0174,0.1331,0.0017,0.0211,0.079,0.1653,-0.0211,0.221,0.1282,0.119,0.0887,0.2256,0.2146,0.0909,0.3021,0.3265,0.4646,0.5842,1,0.5047,0.3265,0.1653,0.0682,0.0876,-0.0467,-0.0563,-0.0678
"DH_51",-0.0043,0.1312,0.028,0.2295,-0.1486,0.1242,0.1455,0.1369,0.1486,-0.1181,0.1895,-0.0738,-0.1108,-0.1167,-0.0032,0.0904,0.1369,0.1108,0.2573,0.3424,0.2782,0.1664,0.2512,0.2735,0.1228,0.3571,0.2758,0.2154,0.1652,0.095,0.3243,0.0815,0.3241,0.4329,0.5047,1,0.1775,0.2512,-0.0171,0.0674,0.2014,0.0819,-0.1133
"DH_52",0.2169,0.0523,0.0845,0.0723,-0.2965,0.1105,0.1044,0.1678,0.1025,0.1532,0.2489,0.2126,0.3041,0.0145,0.2715,0.2577,0.279,-0.0441,0.0915,-0.0688,-0.1108,0.1702,0.2715,0.0823,0.3008,0.2264,0.241,0.1741,0.2513,0.0915,0.061,0.197,0.3041,0.3041,0.3265,0.1775,1,0.0688,0.1705,0.2965,0.252,0.1836,0.1155
"DH_53",0.1751,0.2308,-0.1307,-0.0491,0.0631,0.088,0.0073,0.2335,0.0226,0.069,0.1983,0.1076,0.0672,-0.1664,0.1047,-0.235,0.0371,-0.0672,0.1488,0.0743,-0.1542,-0.0743,0.1047,0.0688,0.1988,0.1695,0.0596,0.0672,-0.0285,-0.0226,0.0555,-0.0325,0.2968,0.2968,0.1653,0.2512,0.0688,1,0.2112,0.0226,0.0997,0.0883,0.1653
"DH_54",0.1843,0,0.282,0.1587,-0.2038,0.1814,-0.0071,0.1024,0.0376,0.0952,0.131,0.1621,0.1911,-0.0651,0.0377,0.1305,0.1976,0.2541,0.2116,-0.0377,-0.0047,0.1244,0.2112,0.2688,0.1948,-0.0111,0.2031,0.1911,0.0922,-0.0376,-0.0707,0.1705,0.1911,0.3024,0.0682,-0.0171,0.1705,0.2112,1,0.1207,0.19,0.0542,-0.0222
"DH_67",0.1891,-0.0884,-0.0402,0.1207,-0.0975,0.1761,0.2172,0.3477,0.4257,0.2971,0.6712,0.4056,0.4541,0.1761,0.2797,-0.0187,0.2537,0.0954,0.3127,0.1488,0.1429,0.1083,0.2797,0.1025,0.1262,0.1057,-0.0408,0.3442,0.3597,0.3127,0.2793,0.2965,0.2343,0.1244,0.0876,0.0674,0.2965,0.0226,0.1207,1,0.4294,0.0604,0.4445
"DH_68",0.1516,-0.0908,0.124,0.19,-0.008,0.3823,0.2303,0.2752,0.2608,0.2218,0.3918,0.1487,0.1768,-0.0346,0.0116,-0.1372,0.2752,0.2748,0.2449,0.3406,0.1372,0.0116,0.1877,0.0527,0.0723,0.2547,0.1558,0.1768,0.2261,0.1606,0.3087,0.1523,0.1768,0.0639,-0.0467,0.2014,0.252,0.0997,0.19,0.4294,1,0.4538,0.045
"DH_69",0.1853,0,0.1295,-0.0384,-0.1518,0.099,-0.0531,-0.0059,-0.0311,0.184,0.2231,0.2224,0.1179,0.0085,0.1838,0.0653,-0.0059,0.1271,-0.0604,0.1027,0.0731,-0.0072,0.1838,0.0755,0.2398,0.2906,0.2653,-0.0046,0.1032,0.1225,0.1032,-0.1408,0.1179,-0.0046,-0.0563,0.0819,0.1836,0.0883,0.0542,0.0604,0.4538,1,0.1426
"DH_70",0.1247,-0.1442,-0.1685,-0.1125,0.0909,0.1133,0.0518,0.2894,0.0876,0.2459,0.4542,0.3983,0.3451,0.2016,0.3518,0.0561,-0.0174,-0.106,0.2694,-0.1653,0.079,0.0721,0.2586,0.01,0.2272,0.2241,0.0887,0.2256,0.2146,0.0909,0.3021,0.1155,0.2256,0.106,-0.0678,-0.1133,0.1155,0.1653,-0.0222,0.4445,0.045,0.1426,1
